UF_alag,Município,Registro,Protocolo,COBRADE,Status,População,DH_Mortos,DH_Feridos,DH_Enfermos,DH_Desabrigados,DH_Desalojados,DH_Desaparecidos,DH_Outros Afetados,DM_Unidades Habitacionais Danificadas,DM_Unidades Habitacionais Destruídas,DM_Unidades Habitacionais Valor,DM_Instalações públicas de saúde Danificadas,DM_Instalações públicas de saúde Destruídas,DM_Instalações públicas de saúde Valor,DM_Instalações públicas de ensino Danificadas,DM_Instalações públicas de ensino Destruídas,DM_Instalações públicas de ensino Valor,DM_Instalações públicas prestadoras de outros serviços Danificadas,DM_Instalações públicas prestadoras de outros serviços Destruídas,DM_Instalações públicas prestadoras de outros serviços Valor,DM_Instalações públicas de uso comunitário Danificadas,DM_Instalações públicas de uso comunitário Destruídas,DM_Instalações públicas de uso comunitário Valor,DM_Obras de infraestrutura pública Danificadas,DM_Obras de infraestrutura pública Destruídas,DM_Obras de infraestrutura pública Valor,DA_Poluição ou contaminação da água,DA_Poluição ou contaminação do ar,DA_Poluição ou contaminação do solo,DA_Diminuição ou exaurimento hídrico,"DA_Incêndios em parques, APA's ou APP's","PEPL_Assistência médica, saúde pública e atendimento de emergências médicas (R$)",PEPL_Abastecimento de água potável (R$),PEPL_Esgoto de águas pluviais e sistema de esgotos sanitários (R$),PEPL_Sistema de limpeza urbana e de recolhimento e destinação do lixo (R$),PEPL_Sistema de desinfestação/desinfecção do habitat/controle de pragas e vetores (R$),PEPL_Geração e distribuição de energia elétrica (R$),PEPL_Telecomunicações (R$),"PEPL_Transportes locais, regionais e de longo curso (R$)","PEPL_Distribuição de combustíveis, especialmente os de uso doméstico (R$)",PEPL_Segurança pública (R$),PEPL_Ensino (R$),PEPR_Agricultura (R$),PEPR_Pecuária (R$),PEPR_Indústria (R$),PEPR_Comércio (R$),PEPR_Serviços (R$),Date,Municipio,UF_chuva,precipitacao_diaria
RJ,Magé,23/12/2020,RJ-F-3302502-12300-20201222,12300 - Alagamentos,Registro,228150,0,0,0,0,0,0,0,0,0,0.0,0,0,0.0,0,0,0.0,0,0,0.0,0,0,0.0,0,0,0.0,,,,,,0.0,0.0,0.0,0.0,0.0,0.0,0.0,0.0,0.0,0.0,0.0,0.0,0.0,0.0,0.0,0.0,2020-12-23,MAGÉ,,
SP,Itapeva,14/12/2020,SP-F-3522406-12300-20201213,12300 - Alagamentos,Registro,87765,0,0,0,0,0,0,0,0,0,0.0,0,0,0.0,0,0,0.0,0,0,0.0,0,0,0.0,0,0,0.0,,,,,,0.0,0.0,0.0,0.0,0.0,0.0,0.0,0.0,0.0,0.0,0.0,0.0,0.0,0.0,0.0,0.0,2020-12-14,ITAPEVA,SP,7.0
RJ,Carapebus,25/11/2020,RJ-F-3300936-12300-20201123,12300 - Alagamentos,Registro,13348,0,0,0,0,85,0,0,0,0,0.0,0,0,0.0,0,0,0.0,0,0,0.0,0,0,0.0,0,0,0.0,DE 0% A 5%,,,,,0.0,0.0,0.0,0.0,0.0,0.0,0.0,0.0,0.0,0.0,0.0,0.0,0.0,0.0,0.0,0.0,2020-11-25,CARAPEBUS,,
RJ,Magé,24/11/2020,RJ-F-3302502-12300-20201122,12300 - Alagamentos,Registro,228150,0,0,0,0,10,0,0,0,0,0.0,0,0,0.0,0,0,0.0,0,0,0.0,0,0,0.0,0,0,0.0,,,,,,0.0,0.0,0.0,0.0,0.0,0.0,0.0,0.0,0.0,0.0,0.0,0.0,0.0,0.0,0.0,0.0,2020-11-24,MAGÉ,,
RJ,Silva Jardim,31/03/2020,RJ-F-3305604-12300-20200330,12300 - Alagamentos,Registro,21360,0,0,0,0,0,0,0,0,0,0.0,0,0,0.0,0,0,0.0,0,0,0.0,0,0,0.0,0,0,0.0,,,,,,0.0,0.0,0.0,0.0,0.0,0.0,0.0,0.0,0.0,0.0,0.0,0.0,0.0,0.0,0.0,0.0,2020-03-31,SILVA JARDIM,,
SP,Mongaguá,09/03/2020,SP-F-3531100-12300-20200302,12300 - Alagamentos,Registro,46310,0,0,0,131,271,0,0,0,0,0.0,0,0,0.0,0,0,0.0,0,0,0.0,0,0,0.0,0,0,0.0,MAIS DE 20%,,,,,0.0,0.0,0.0,0.0,0.0,100000.0,0.0,0.0,0.0,0.0,0.0,0.0,0.0,0.0,0.0,0.0,2020-03-09,MONGAGUÁ,,
SP,Ibiúna,04/03/2020,SP-F-3519709-12300-20200227,12300 - Alagamentos,Registro,71228,0,0,0,0,0,0,0,0,0,0.0,0,0,0.0,0,0,0.0,0,0,0.0,0,0,0.0,0,0,0.0,,,,,,0.0,0.0,0.0,0.0,0.0,0.0,0.0,0.0,0.0,0.0,0.0,0.0,0.0,0.0,0.0,0.0,2020-03-04,IBIÚNA,,
SP,Ibiúna,04/03/2020,SP-F-3519709-12300-20200226,12300 - Alagamentos,Registro,71228,0,0,0,0,0,0,0,0,0,0.0,0,0,0.0,0,0,0.0,0,0,0.0,0,0,0.0,0,0,0.0,,,,,,0.0,0.0,0.0,0.0,0.0,0.0,0.0,0.0,0.0,0.0,0.0,0.0,0.0,0.0,0.0,0.0,2020-03-04,IBIÚNA,,
SP,Itapevi,21/02/2020,SP-F-3522505-12300-20200219,12300 - Alagamentos,Registro,200874,0,0,0,0,0,0,0,0,0,0.0,0,0,0.0,0,0,0.0,0,0,0.0,0,0,0.0,100,100,2000000.0,,,,,,0.0,0.0,0.0,0.0,0.0,0.0,0.0,0.0,0.0,0.0,0.0,0.0,0.0,0.0,0.0,0.0,2020-02-21,ITAPEVI,,
RJ,Bom Jesus do Itabapoana,17/02/2020,RJ-F-3300605-12300-20200214,12300 - Alagamentos,Registro,35384,0,0,0,0,0,0,0,0,0,0.0,0,0,0.0,0,0,0.0,0,0,0.0,0,0,0.0,0,0,0.0,,,,,,0.0,0.0,0.0,0.0,0.0,0.0,0.0,0.0,0.0,0.0,0.0,0.0,0.0,0.0,0.0,0.0,2020-02-17,BOM JESUS DO ITABAPOANA,,
SP,Ibiúna,04/03/2020,SP-F-3519709-12300-20200214,12300 - Alagamentos,Registro,71228,0,0,0,0,0,0,0,0,0,0.0,0,0,0.0,0,0,0.0,0,0,0.0,0,0,0.0,0,0,0.0,,,,,,0.0,0.0,0.0,0.0,0.0,0.0,0.0,0.0,0.0,0.0,0.0,0.0,0.0,0.0,0.0,0.0,2020-03-04,IBIÚNA,,
RJ,Porciúncula,14/02/2020,RJ-F-3304102-12300-20200213,12300 - Alagamentos,Registro,17771,0,0,0,14,7,0,132,0,0,0.0,0,0,0.0,0,0,0.0,0,0,0.0,0,0,0.0,0,0,0.0,,,,,,0.0,0.0,0.0,0.0,0.0,0.0,0.0,0.0,0.0,0.0,0.0,0.0,0.0,0.0,0.0,0.0,2020-02-14,PORCIÚNCULA,,
SP,Itapevi,22/02/2020,SP-F-3522505-12300-20200210,12300 - Alagamentos,Não reconhecido,200874,0,0,0,0,0,0,0,0,0,0.0,0,0,0.0,0,0,0.0,0,0,0.0,0,0,0.0,100,100,2000000.0,,,,,,0.0,0.0,0.0,0.0,0.0,0.0,0.0,0.0,0.0,0.0,0.0,0.0,0.0,0.0,0.0,0.0,2020-02-22,ITAPEVI,,
SP,Ibiúna,04/03/2020,SP-F-3519709-12300-20200210,12300 - Alagamentos,Registro,71228,0,0,0,0,0,0,0,0,0,0.0,0,0,0.0,0,0,0.0,0,0,0.0,0,0,0.0,0,0,0.0,,,,,,0.0,0.0,0.0,0.0,0.0,0.0,0.0,0.0,0.0,0.0,0.0,0.0,0.0,0.0,0.0,0.0,2020-03-04,IBIÚNA,,
RJ,Rio Claro,12/02/2020,RJ-F-3304409-12300-20200205,12300 - Alagamentos,Registro,17401,0,0,0,0,0,0,66,0,0,0.0,0,0,0.0,0,0,0.0,0,0,0.0,0,0,0.0,0,0,0.0,,,,,,0.0,0.0,0.0,0.0,0.0,0.0,0.0,0.0,0.0,0.0,0.0,0.0,0.0,0.0,0.0,0.0,2020-02-12,RIO CLARO,RJ,9.4
SP,Itápolis,27/01/2020,SP-F-3522703-12300-20200113,12300 - Alagamentos,Reconhecido,40064,0,3,0,0,3,0,18000,0,0,0.0,0,0,0.0,0,0,0.0,0,0,0.0,0,0,0.0,3,3,685000.0,,,,,,0.0,0.0,0.0,0.0,0.0,0.0,0.0,0.0,0.0,209025.7,0.0,0.0,0.0,0.0,0.0,0.0,2020-01-27,ITÁPOLIS,,
SP,Ibiúna,04/03/2020,SP-F-3519709-12300-20200109,12300 - Alagamentos,Registro,71228,0,0,0,0,0,0,0,0,0,0.0,0,0,0.0,0,0,0.0,0,0,0.0,0,0,0.0,0,0,0.0,,,,,,0.0,0.0,0.0,0.0,0.0,0.0,0.0,0.0,0.0,0.0,0.0,0.0,0.0,0.0,0.0,0.0,2020-03-04,IBIÚNA,,
SP,Ibiúna,04/03/2020,SP-F-3519709-12300-20200108,12300 - Alagamentos,Registro,71228,0,0,0,0,0,0,0,0,0,0.0,0,0,0.0,0,0,0.0,0,0,0.0,0,0,0.0,0,0,0.0,,,,,,0.0,0.0,0.0,0.0,0.0,0.0,0.0,0.0,0.0,0.0,0.0,0.0,0.0,0.0,0.0,0.0,2020-03-04,IBIÚNA,,
RJ,Santa Maria Madalena,06/01/2020,RJ-F-3304607-12300-20200102,12300 - Alagamentos,Registro,10321,0,0,0,2,0,0,4875,4,0,50000.0,0,0,0.0,0,0,0.0,0,0,0.0,0,0,0.0,0,0,0.0,MAIS DE 20%,,,,,0.0,0.0,0.0,10000.0,0.0,0.0,0.0,0.0,0.0,0.0,0.0,0.0,0.0,0.0,0.0,0.0,2020-01-06,SANTA MARIA MADALENA,RJ,0.4
RJ,Miguel Pereira,09/01/2020,RJ-F-3302908-12300-20200101,12300 - Alagamentos,Registro,24647,0,0,0,0,0,0,0,0,0,0.0,0,0,0.0,0,0,0.0,0,0,0.0,0,0,0.0,0,0,0.0,,,,,,0.0,0.0,0.0,0.0,0.0,0.0,0.0,0.0,0.0,0.0,0.0,0.0,0.0,0.0,0.0,0.0,2020-01-09,MIGUEL PEREIRA,,
RJ,Magé,20/12/2021,RJ-F-3302502-12300-20211217,12300 - Alagamentos,Registro,228150,0,0,0,0,0,0,0,0,0,0.0,2,0,0.0,2,0,0.0,0,0,0.0,0,0,0.0,0,0,0.0,,,,,,0.0,0.0,0.0,0.0,0.0,0.0,0.0,0.0,0.0,0.0,0.0,0.0,0.0,0.0,0.0,0.0,2021-12-20,MAGÉ,,
RJ,Vassouras,06/01/2022,RJ-F-3306206-12300-20211206,12300 - Alagamentos,Registro,34439,0,0,0,0,0,0,0,0,0,0.0,0,0,0.0,0,0,0.0,0,0,0.0,0,0,0.0,0,0,0.0,,,,,,0.0,0.0,0.0,0.0,0.0,0.0,0.0,0.0,0.0,0.0,0.0,0.0,0.0,0.0,0.0,0.0,2022-01-06,VASSOURAS,,
RJ,Carapebus,29/11/2021,RJ-F-3300936-12300-20211119,12300 - Alagamentos,Registro,13348,0,0,0,0,1,0,0,0,0,0.0,0,0,0.0,0,0,0.0,0,0,0.0,0,0,0.0,0,0,0.0,,,,,,0.0,0.0,0.0,0.0,0.0,0.0,0.0,0.0,0.0,0.0,0.0,0.0,0.0,0.0,0.0,0.0,2021-11-29,CARAPEBUS,,
RJ,Carapebus,11/11/2021,RJ-F-3300936-12300-20211111,12300 - Alagamentos,Registro,13348,0,0,0,0,0,0,0,0,0,0.0,0,0,0.0,0,0,0.0,0,0,0.0,0,0,0.0,0,0,0.0,DE 0% A 5%,,DE 0% A 5%,,,0.0,0.0,0.0,0.0,0.0,0.0,0.0,0.0,0.0,0.0,0.0,0.0,0.0,0.0,0.0,0.0,2021-11-11,CARAPEBUS,,
RJ,Magé,20/10/2021,RJ-F-3302502-12300-20211020,12300 - Alagamentos,Registro,228150,0,0,0,0,2,0,0,1,0,0.0,0,0,0.0,0,0,0.0,0,0,0.0,0,0,0.0,0,0,0.0,,,,,,0.0,0.0,0.0,0.0,0.0,0.0,0.0,0.0,0.0,0.0,0.0,0.0,0.0,0.0,0.0,0.0,2021-10-20,MAGÉ,,
RJ,Campos dos Goytacazes,02/03/2021,RJ-F-3301009-12300-20210223,12300 - Alagamentos,Registro,463545,0,0,0,0,19,0,61,0,0,0.0,0,0,0.0,0,0,0.0,0,0,0.0,0,0,0.0,0,0,0.0,,,,,,0.0,0.0,0.0,0.0,0.0,0.0,0.0,0.0,0.0,0.0,0.0,0.0,0.0,0.0,0.0,0.0,2021-03-02,CAMPOS DOS GOYTACAZES,RJ,0.4
RJ,Aperibé,10/02/2021,RJ-F-3300159-12300-20210208,12300 - Alagamentos,Registro,10215,0,0,0,0,0,0,0,0,0,0.0,0,0,0.0,0,0,0.0,0,0,0.0,0,0,0.0,0,0,0.0,,,,,,0.0,0.0,0.0,0.0,0.0,0.0,0.0,0.0,0.0,0.0,0.0,0.0,0.0,0.0,0.0,0.0,2021-02-10,APERIBÉ,,
RJ,Santo Antônio de Pádua,07/02/2021,RJ-F-3304706-12300-20210207,12300 - Alagamentos,Registro,40569,0,0,0,0,0,0,0,0,0,0.0,0,0,0.0,0,0,0.0,0,0,0.0,0,0,0.0,0,0,0.0,,,,,,0.0,0.0,0.0,5000.0,0.0,0.0,0.0,0.0,0.0,0.0,0.0,0.0,0.0,0.0,0.0,0.0,2021-02-07,SANTO ANTÔNIO DE PÁDUA,,
RJ,Magé,11/01/2021,RJ-F-3302502-12300-20210110,12300 - Alagamentos,Registro,228150,0,0,0,0,0,0,0,0,0,0.0,0,0,0.0,0,0,0.0,0,0,0.0,0,0,0.0,0,0,0.0,,,,,,0.0,0.0,0.0,0.0,0.0,0.0,0.0,0.0,0.0,0.0,0.0,0.0,0.0,0.0,0.0,0.0,2021-01-11,MAGÉ,,
RJ,Silva Jardim,25/01/2021,RJ-F-3305604-12300-20210109,12300 - Alagamentos,Registro,21360,0,0,0,0,0,0,600,0,0,0.0,0,0,0.0,0,0,0.0,0,0,0.0,0,0,0.0,0,0,0.0,,,,,,0.0,0.0,0.0,0.0,0.0,0.0,0.0,0.0,0.0,0.0,0.0,0.0,0.0,0.0,0.0,0.0,2021-01-25,SILVA JARDIM,RJ,0.0
SP,Artur Nogueira,09/01/2023,SP-F-3503802-12300-20221230,12300 - Alagamentos,Registro,44270,0,0,0,0,20,0,0,0,0,0.0,0,0,0.0,0,0,0.0,0,0,0.0,0,0,0.0,0,0,0.0,,,,,,0.0,0.0,0.0,0.0,0.0,0.0,0.0,0.0,0.0,0.0,0.0,0.0,0.0,0.0,0.0,0.0,2023-01-09,ARTUR NOGUEIRA,,
RJ,Arraial do Cabo,28/11/2022,RJ-F-3300258-12300-20221126,12300 - Alagamentos,Registro,27770,0,0,0,0,0,0,0,0,0,0.0,0,0,0.0,0,0,0.0,0,0,0.0,0,0,0.0,0,0,0.0,,,,,,0.0,0.0,0.0,0.0,0.0,0.0,0.0,0.0,0.0,0.0,0.0,0.0,0.0,0.0,0.0,0.0,2022-11-28,ARRAIAL DO CABO,RJ,3.0
RJ,Duque de Caxias,11/04/2022,RJ-F-3301702-12300-20220402,12300 - Alagamentos,Registro,855046,0,0,0,0,0,0,0,0,0,0.0,0,0,0.0,0,0,0.0,0,0,0.0,0,0,0.0,0,0,0.0,,,,,,0.0,0.0,0.0,0.0,0.0,0.0,0.0,0.0,0.0,0.0,0.0,0.0,0.0,0.0,0.0,0.0,2022-04-11,DUQUE DE CAXIAS,RJ,0.0
RJ,Saquarema,03/04/2022,RJ-F-3305505-12300-20220401,12300 - Alagamentos,Registro,74221,0,1,0,0,24,0,0,0,0,0.0,0,0,0.0,0,0,0.0,0,0,0.0,0,0,0.0,0,0,0.0,DE 0% A 5%,,,,,0.0,0.0,0.0,0.0,0.0,0.0,0.0,0.0,0.0,0.0,0.0,0.0,0.0,0.0,0.0,0.0,2022-04-03,SAQUAREMA,RJ,1.4000000000000001
RJ,Maricá,03/04/2022,RJ-F-3302700-12300-20220401,12300 - Alagamentos,Registro,127519,0,0,0,0,0,0,0,0,0,0.0,0,0,0.0,0,0,0.0,0,0,0.0,0,0,0.0,0,0,0.0,,,,,,0.0,0.0,0.0,0.0,0.0,0.0,0.0,0.0,0.0,0.0,0.0,0.0,0.0,0.0,0.0,0.0,2022-04-03,MARICÁ,,
SP,São Miguel Arcanjo,16/03/2022,SP-F-3550209-12300-20220303,12300 - Alagamentos,Registro,31452,0,0,0,0,0,0,0,18,0,0.0,0,0,0.0,0,0,0.0,0,0,0.0,0,0,0.0,0,0,0.0,,,,,,0.0,0.0,0.0,0.0,0.0,0.0,0.0,0.0,0.0,0.0,0.0,0.0,0.0,0.0,0.0,0.0,2022-03-16,SÃO MIGUEL ARCANJO,,
RJ,Vassouras,10/02/2022,RJ-F-3306206-12300-20220207,12300 - Alagamentos,Registro,34439,0,0,0,0,3,0,0,0,0,0.0,0,0,0.0,0,0,0.0,0,0,0.0,0,0,0.0,0,0,0.0,,,,,,0.0,0.0,0.0,0.0,0.0,0.0,0.0,0.0,0.0,0.0,0.0,0.0,0.0,0.0,0.0,0.0,2022-02-10,VASSOURAS,,
SP,Rafard,04/02/2022,SP-F-3542107-12300-20220130,12300 - Alagamentos,Registro,8624,0,0,0,7,93,0,0,100,0,0.0,0,0,0.0,0,0,0.0,0,0,0.0,0,0,0.0,0,0,0.0,DE 0% A 5%,,,,,0.0,0.0,0.0,0.0,0.0,0.0,0.0,0.0,0.0,0.0,0.0,0.0,0.0,0.0,0.0,0.0,2022-02-04,RAFARD,,
SP,Monte Mor,31/01/2022,SP-F-3531803-12300-20220130,12300 - Alagamentos,Registro,48971,0,0,0,20,150,0,10000,200,0,2000000.0,0,0,0.0,0,0,0.0,1,0,50000.0,8,3,150000.0,5,1,6000000.0,,,,,,0.0,0.0,0.0,1500000.0,0.0,0.0,0.0,200000.0,0.0,0.0,0.0,0.0,0.0,0.0,0.0,0.0,2022-01-31,MONTE MOR,,
RJ,Cantagalo,10/02/2022,RJ-F-3301108-12300-20220112,12300 - Alagamentos,Registro,19826,0,0,0,0,2,0,0,0,0,0.0,0,0,0.0,0,0,0.0,0,0,0.0,0,0,0.0,0,0,0.0,,,MAIS DE 20%,,,0.0,0.0,0.0,0.0,0.0,0.0,0.0,0.0,0.0,0.0,0.0,0.0,0.0,0.0,0.0,0.0,2022-02-10,CANTAGALO,,
RJ,Vassouras,11/02/2022,RJ-F-3306206-12300-20220108,12300 - Alagamentos,Registro,34439,0,0,0,0,13,0,0,0,0,0.0,0,0,0.0,0,0,0.0,0,0,0.0,0,0,0.0,0,0,0.0,,,,,,0.0,0.0,0.0,0.0,0.0,0.0,0.0,0.0,0.0,0.0,0.0,0.0,0.0,0.0,0.0,0.0,2022-02-11,VASSOURAS,,
RJ,Arraial do Cabo,29/11/2023,RJ-F-3300258-12300-20231123,12300 - Alagamentos,Registro,27770,0,0,0,0,0,0,0,0,0,0.0,0,0,0.0,0,0,0.0,0,0,0.0,0,0,0.0,0,0,0.0,,,,,,0.0,0.0,0.0,0.0,0.0,0.0,0.0,0.0,0.0,0.0,0.0,0.0,0.0,0.0,0.0,0.0,2023-11-29,ARRAIAL DO CABO,RJ,0.0
SP,Valinhos,11/10/2023,SP-F-3556206-12300-20231008,12300 - Alagamentos,Registro,106968,0,0,0,0,0,0,0,0,0,0.0,0,0,0.0,0,0,0.0,0,0,0.0,0,0,0.0,0,0,0.0,,,,,,0.0,0.0,0.0,0.0,0.0,0.0,0.0,0.0,0.0,0.0,0.0,0.0,0.0,0.0,0.0,0.0,2023-10-11,VALINHOS,,
SP,Porto Ferreira,11/10/2023,SP-F-3540705-12300-20231001,12300 - Alagamentos,Registro,51407,0,0,0,0,0,0,0,0,0,0.0,0,0,0.0,0,0,0.0,0,0,0.0,0,0,0.0,0,0,0.0,,,,,,0.0,0.0,0.0,0.0,0.0,0.0,0.0,0.0,0.0,0.0,0.0,0.0,0.0,0.0,0.0,0.0,2023-10-11,PORTO FERREIRA,,
SP,Limeira,12/05/2023,SP-F-3526902-12300-20230414,12300 - Alagamentos,Registro,276010,0,0,0,0,0,0,0,0,0,0.0,0,0,0.0,0,0,0.0,0,0,0.0,0,0,0.0,0,0,0.0,,,,,,0.0,0.0,0.0,0.0,0.0,0.0,0.0,0.0,0.0,0.0,0.0,0.0,0.0,0.0,0.0,0.0,2023-05-12,LIMEIRA,,
RJ,Arraial do Cabo,03/04/2023,RJ-F-3300258-12300-20230403,12300 - Alagamentos,Registro,27770,0,0,0,0,0,0,0,0,0,0.0,0,0,0.0,0,0,0.0,0,0,0.0,0,0,0.0,0,0,0.0,,,,,,0.0,0.0,0.0,0.0,0.0,0.0,0.0,0.0,0.0,0.0,0.0,0.0,0.0,0.0,0.0,0.0,2023-04-03,ARRAIAL DO CABO,RJ,1.0
RJ,Duque de Caxias,31/03/2023,RJ-F-3301702-12300-20230330,12300 - Alagamentos,Registro,855046,2,0,0,0,0,0,0,0,0,0.0,0,0,0.0,0,0,0.0,0,0,0.0,0,0,0.0,0,0,0.0,,,,,,0.0,0.0,0.0,0.0,0.0,0.0,0.0,0.0,0.0,0.0,0.0,0.0,0.0,0.0,0.0,0.0,2023-03-31,DUQUE DE CAXIAS,RJ,28.4
RJ,Vassouras,01/03/2023,RJ-F-3306206-12300-20230221,12300 - Alagamentos,Registro,34439,0,0,0,0,0,0,0,0,0,0.0,0,0,0.0,0,0,0.0,0,0,0.0,0,0,0.0,0,0,0.0,MAIS DE 20%,,,,,0.0,0.0,0.0,0.0,0.0,0.0,0.0,0.0,0.0,0.0,0.0,0.0,0.0,0.0,0.0,0.0,2023-03-01,VASSOURAS,,
SP,Limeira,12/05/2023,SP-F-3526902-12300-20230218,12300 - Alagamentos,Registro,276010,0,0,0,0,10,0,0,0,0,20000.0,0,0,0.0,0,0,0.0,0,0,0.0,0,0,100000.0,0,0,20000000.0,,,,,,0.0,0.0,0.0,0.0,0.0,0.0,0.0,0.0,0.0,0.0,0.0,0.0,0.0,0.0,0.0,0.0,2023-05-12,LIMEIRA,,
SP,Ibiúna,14/03/2023,SP-F-3519709-12300-20230212,12300 - Alagamentos,Registro,71228,0,0,0,0,59,0,0,19,0,0.0,0,0,0.0,0,0,0.0,0,0,0.0,0,0,0.0,0,0,0.0,,,,,,0.0,0.0,0.0,0.0,0.0,0.0,0.0,0.0,0.0,0.0,0.0,0.0,0.0,0.0,0.0,0.0,2023-03-14,IBIÚNA,,
SP,Itaberá,09/02/2023,SP-F-3521705-12300-20230207,12300 - Alagamentos,Registro,17861,0,0,0,0,0,0,0,0,0,0.0,0,0,0.0,0,0,0.0,0,0,0.0,0,0,0.0,0,0,0.0,,,,,,0.0,0.0,0.0,0.0,0.0,0.0,0.0,0.0,0.0,0.0,0.0,0.0,0.0,0.0,0.0,0.0,2023-02-09,ITABERÁ,,
SP,Charqueada,10/02/2023,SP-F-3511706-12300-20230202,12300 - Alagamentos,Registro,15086,0,0,0,0,5,0,0,4,0,150000.0,0,0,0.0,0,0,0.0,0,0,0.0,0,0,0.0,0,0,0.0,,,,,,0.0,0.0,0.0,0.0,0.0,0.0,0.0,0.0,0.0,0.0,0.0,0.0,0.0,0.0,0.0,0.0,2023-02-10,CHARQUEADA,,
SP,Cajamar,26/01/2023,SP-F-3509205-12300-20230126,12300 - Alagamentos,Registro,64113,0,0,0,0,320,0,0,320,0,0.0,0,0,0.0,0,0,0.0,0,0,0.0,0,0,0.0,0,0,0.0,,,,,,0.0,0.0,0.0,0.0,0.0,0.0,0.0,0.0,0.0,0.0,0.0,0.0,0.0,0.0,0.0,0.0,2023-01-26,CAJAMAR,,
RJ,Vassouras,24/01/2023,RJ-F-3306206-12300-20230123,12300 - Alagamentos,Registro,34439,0,0,0,0,0,0,19,0,0,0.0,0,0,0.0,0,0,0.0,0,0,0.0,0,0,0.0,0,0,0.0,MAIS DE 20%,,MAIS DE 20%,,,0.0,0.0,0.0,0.0,0.0,0.0,0.0,0.0,0.0,0.0,0.0,0.0,0.0,0.0,0.0,0.0,2023-01-24,VASSOURAS,,
RJ,Vassouras,23/01/2023,RJ-F-3306206-12300-20230120,12300 - Alagamentos,Registro,34439,0,0,0,0,0,0,0,0,0,0.0,0,0,0.0,0,0,0.0,0,0,0.0,0,0,0.0,0,0,0.0,,,,,,0.0,0.0,0.0,0.0,0.0,0.0,0.0,0.0,0.0,0.0,0.0,0.0,0.0,0.0,0.0,0.0,2023-01-23,VASSOURAS,,
SP,Pacaembu,19/01/2023,SP-F-3534906-12300-20230119,12300 - Alagamentos,Registro,12934,0,0,0,0,28,0,0,6,0,1700.0,0,0,0.0,0,0,0.0,0,0,0.0,0,0,0.0,0,0,0.0,,,,,,0.0,0.0,0.0,0.0,0.0,0.0,0.0,0.0,0.0,0.0,0.0,0.0,0.0,0.0,0.0,0.0,2023-01-19,PACAEMBU,,
SP,Ibiúna,15/03/2023,SP-F-3519709-12300-20230117,12300 - Alagamentos,Registro,71228,0,0,0,0,0,0,0,0,0,0.0,0,0,0.0,0,0,0.0,0,0,0.0,0,0,0.0,0,0,0.0,,,,,,0.0,0.0,0.0,0.0,0.0,0.0,0.0,0.0,0.0,0.0,0.0,0.0,0.0,0.0,0.0,0.0,2023-03-15,IBIÚNA,,
SP,Ibiúna,15/03/2023,SP-F-3519709-12300-20230113,12300 - Alagamentos,Registro,71228,0,0,0,0,0,0,0,0,0,0.0,0,0,0.0,0,0,0.0,0,0,0.0,0,0,0.0,0,0,0.0,,,,,,0.0,0.0,0.0,0.0,0.0,0.0,0.0,0.0,0.0,0.0,0.0,0.0,0.0,0.0,0.0,0.0,2023-03-15,IBIÚNA,,
RJ,Valença,13/01/2023,RJ-F-3306107-12300-20230109,12300 - Alagamentos,Registro,71894,0,0,0,0,25,0,0,50,0,100000.0,0,0,0.0,0,0,0.0,0,0,0.0,0,0,0.0,0,0,0.0,,,,,,0.0,0.0,0.0,0.0,0.0,0.0,0.0,0.0,0.0,0.0,0.0,0.0,0.0,0.0,0.0,0.0,2023-01-13,VALENÇA,,
RJ,Arraial do Cabo,27/02/2023,RJ-F-3300258-12300-20230106,12300 - Alagamentos,Registro,27770,0,0,0,0,0,0,0,0,0,0.0,0,0,0.0,0,0,0.0,0,0,0.0,0,0,0.0,0,0,0.0,,,,,,0.0,0.0,0.0,0.0,0.0,0.0,0.0,0.0,0.0,0.0,0.0,0.0,0.0,0.0,0.0,0.0,2023-02-27,ARRAIAL DO CABO,RJ,0.0
SP,Ibiúna,09/03/2023,SP-F-3519709-12300-20230106,12300 - Alagamentos,Registro,71228,0,0,0,0,0,0,0,0,0,0.0,0,0,0.0,0,0,0.0,0,0,0.0,0,0,0.0,0,0,0.0,,,,,,0.0,0.0,0.0,0.0,0.0,0.0,0.0,0.0,0.0,0.0,0.0,0.0,0.0,0.0,0.0,0.0,2023-03-09,IBIÚNA,,
SP,Ibiúna,07/03/2023,SP-F-3519709-12300-20230105,12300 - Alagamentos,Registro,71228,0,0,0,0,0,0,0,0,0,0.0,0,0,0.0,0,0,0.0,0,0,0.0,0,0,0.0,0,0,0.0,,,,,,0.0,0.0,0.0,0.0,0.0,0.0,0.0,0.0,0.0,0.0,0.0,0.0,0.0,0.0,0.0,0.0,2023-03-07,IBIÚNA,,
SP,Ibiúna,08/03/2023,SP-F-3519709-12300-20230104,12300 - Alagamentos,Registro,71228,0,0,0,0,0,0,0,0,0,0.0,0,0,0.0,0,0,0.0,0,0,0.0,0,0,0.0,0,0,0.0,,,,,,0.0,0.0,0.0,0.0,0.0,0.0,0.0,0.0,0.0,0.0,0.0,0.0,0.0,0.0,0.0,0.0,2023-03-08,IBIÚNA,,
RJ,Macuco,29/12/2024,RJ-F-3302452-12300-20241228,12300 - Alagamentos,Registro,5269,0,0,0,0,3,0,20,0,0,0.0,0,0,0.0,0,0,0.0,0,0,0.0,0,0,0.0,0,0,0.0,,,,,,0.0,0.0,0.0,0.0,0.0,0.0,0.0,0.0,0.0,0.0,0.0,0.0,0.0,0.0,0.0,0.0,2024-12-29,MACUCO,,
RJ,Vassouras,10/01/2025,RJ-F-3306206-12300-20241223,12300 - Alagamentos,Registro,34439,0,0,0,0,0,0,0,0,0,0.0,0,0,0.0,0,0,0.0,0,0,0.0,0,0,0.0,0,0,0.0,,,,,,0.0,0.0,0.0,0.0,0.0,0.0,0.0,0.0,0.0,0.0,0.0,0.0,0.0,0.0,0.0,0.0,2025-01-10,VASSOURAS,,
RJ,Vassouras,10/01/2025,RJ-F-3306206-12300-20241222,12300 - Alagamentos,Registro,34439,0,0,0,0,0,0,0,0,0,0.0,0,0,0.0,0,0,0.0,0,0,0.0,0,0,0.0,0,0,0.0,,,,,,0.0,0.0,0.0,0.0,0.0,0.0,0.0,0.0,0.0,0.0,0.0,0.0,0.0,0.0,0.0,0.0,2025-01-10,VASSOURAS,,
SP,Francisco Morato,06/11/2024,SP-F-3516309-12300-20241106,12300 - Alagamentos,Registro,154538,0,0,0,0,8,0,0,0,0,0.0,0,0,0.0,0,0,0.0,0,0,0.0,0,0,0.0,0,0,0.0,,,,,,0.0,0.0,0.0,0.0,0.0,0.0,0.0,0.0,0.0,0.0,0.0,0.0,0.0,0.0,0.0,0.0,2024-11-06,FRANCISCO MORATO,,
RJ,Sapucaia,16/02/2024,RJ-F-3305406-12300-20240129,12300 - Alagamentos,Registro,17504,0,0,0,0,0,0,33,0,0,0.0,0,0,0.0,0,0,0.0,0,0,0.0,0,0,0.0,0,0,0.0,,,,,,0.0,0.0,0.0,0.0,0.0,0.0,0.0,0.0,0.0,0.0,0.0,0.0,0.0,0.0,0.0,0.0,2024-02-16,SAPUCAIA,,
RJ,Magé,29/01/2024,RJ-F-3302502-12300-20240128,12300 - Alagamentos,Registro,228150,0,0,0,0,0,0,285,80,0,0.0,0,0,0.0,0,0,0.0,0,0,0.0,0,0,0.0,0,0,0.0,,,,,,0.0,0.0,0.0,0.0,0.0,0.0,0.0,0.0,0.0,0.0,0.0,0.0,0.0,0.0,0.0,0.0,2024-01-29,MAGÉ,,
RJ,Magé,22/01/2024,RJ-F-3302502-12300-20240121,12300 - Alagamentos,Registro,228150,0,0,0,0,0,0,26,0,0,0.0,0,0,0.0,0,0,0.0,0,0,0.0,0,0,0.0,0,0,0.0,,,,,,0.0,0.0,0.0,0.0,0.0,0.0,0.0,0.0,0.0,0.0,0.0,0.0,0.0,0.0,0.0,0.0,2024-01-22,MAGÉ,,
RJ,Vassouras,22/01/2024,RJ-F-3306206-12300-20240121,12300 - Alagamentos,Registro,34439,0,0,0,0,0,0,0,0,0,0.0,0,0,0.0,0,0,0.0,0,0,0.0,0,0,0.0,0,0,0.0,MAIS DE 20%,,,,,0.0,0.0,0.0,0.0,0.0,0.0,0.0,0.0,0.0,0.0,0.0,0.0,0.0,0.0,0.0,0.0,2024-01-22,VASSOURAS,,
RJ,Magé,15/01/2024,RJ-F-3302502-12300-20240113,12300 - Alagamentos,Registro,228150,0,0,0,0,0,0,0,0,0,0.0,0,0,0.0,0,0,0.0,0,0,0.0,0,0,0.0,0,0,0.0,,,,,,0.0,0.0,0.0,0.0,0.0,0.0,0.0,0.0,0.0,0.0,0.0,0.0,0.0,0.0,0.0,0.0,2024-01-15,MAGÉ,,
RJ,Nilópolis,04/01/2024,RJ-F-3303203-12300-20240103,12300 - Alagamentos,Registro,157483,0,0,0,0,2,0,30,0,0,0.0,0,0,0.0,0,0,0.0,0,0,0.0,0,0,0.0,0,0,0.0,,,,,,0.0,0.0,0.0,0.0,0.0,0.0,0.0,0.0,0.0,0.0,0.0,0.0,0.0,0.0,0.0,0.0,2024-01-04,NILÓPOLIS,,
RJ,Comendador Levy Gasparian,10/04/2025,RJ-F-3300951-12300-20250409,12300 - Alagamentos,Registro,8183,0,0,0,0,0,0,0,0,0,0.0,0,0,0.0,0,0,0.0,0,0,0.0,0,0,0.0,0,0,0.0,,,,,,0.0,0.0,0.0,0.0,0.0,0.0,0.0,0.0,0.0,0.0,0.0,0.0,0.0,0.0,0.0,0.0,2025-04-10,COMENDADOR LEVY GASPARIAN,,
SP,Santa Bárbara D`Oeste,07/02/2025,SP-F-3545803-12300-20250203,12300 - Alagamentos,Reconhecido,180148,0,0,0,3,812,0,0,203,0,0.0,0,0,0.0,2,0,0.0,2,0,4200000.0,0,0,0.0,9,0,4400000.0,,,,MAIS DE 20%,,0.0,3700000.0,450000.0,134000.0,0.0,0.0,0.0,0.0,0.0,0.0,0.0,0.0,0.0,0.0,0.0,0.0,2025-02-07,SANTA BÁRBARA D`OESTE,,
SP,Terra Roxa,10/02/2025,SP-F-3554409-12300-20250201,12300 - Alagamentos,Registro,8505,0,0,0,19,0,0,0,9,0,20000.0,0,0,0.0,0,0,0.0,0,0,0.0,0,0,0.0,1,0,400000.0,,,,,,0.0,0.0,0.0,0.0,0.0,0.0,0.0,0.0,0.0,0.0,0.0,0.0,0.0,0.0,0.0,0.0,2025-02-10,TERRA ROXA,,
SP,Diadema,28/02/2025,SP-F-3513801-12300-20250131,12300 - Alagamentos,Não reconhecido,386039,0,0,0,0,0,0,42,0,0,0.0,0,0,0.0,0,0,0.0,0,0,0.0,0,0,0.0,0,0,0.0,,,,,,0.0,0.0,0.0,0.0,0.0,0.0,0.0,0.0,0.0,0.0,0.0,0.0,0.0,0.0,0.0,0.0,2025-02-28,DIADEMA,,
RJ,Miracema,17/01/2025,RJ-F-3303005-12300-20250104,12300 - Alagamentos,Registro,26829,0,0,0,0,0,0,500,0,0,0.0,0,0,0.0,0,0,0.0,0,0,0.0,0,0,0.0,0,0,0.0,,,,,,0.0,0.0,0.0,0.0,0.0,0.0,0.0,0.0,0.0,0.0,0.0,0.0,0.0,0.0,0.0,0.0,2025-01-17,MIRACEMA,,
